{
  "id": "2281855",
  "name": "百度注册",
  "font_family": "iconfont",
  "css_prefix_text": "icon-",
  "description": "",
  "glyphs": [
    {
      "icon_id": "1597923",
      "name": "闭眼",
      "font_class": "biyan",
      "unicode": "e6ba",
      "unicode_decimal": 59066
    },
    {
      "icon_id": "6844457",
      "name": "睁眼",
      "font_class": "zhengyan",
      "unicode": "e641",
      "unicode_decimal": 58945
    },
    {
      "icon_id": "9046131",
      "name": "客服",
      "font_class": "kefu",
      "unicode": "e60f",
      "unicode_decimal": 58895
    },
    {
      "icon_id": "6176580",
      "name": "提示",
      "font_class": "tishi",
      "unicode": "e62a",
      "unicode_decimal": 58922
    },
    {
      "icon_id": "593486",
      "name": "正确",
      "font_class": "weibiaoti14",
      "unicode": "e620",
      "unicode_decimal": 58912
    },
    {
      "icon_id": "4308283",
      "name": "正确",
      "font_class": "zhengque",
      "unicode": "e617",
      "unicode_decimal": 58903
    },
    {
      "icon_id": "16039154",
      "name": "错误",
      "font_class": "cuowu",
      "unicode": "e640",
      "unicode_decimal": 58944
    }
  ]
}
